trend_balance,breakout_balance,trend_trades,breakout_trades,trend_win_rate,breakout_win_rate,pending_entries
933.41,983.5899999999999,4,5,25.0,40.0,"[('AMD', 7, 196.0399932861328), ('AMD', 7, 196.0399932861328), ('AMD', 7, 196.0399932861328), ('AMD', 7, 196.0399932861328), ('AMD', 7, 196.0399932861328), ('AMD', 7, 196.0399932861328), ('AMD', 7, 196.0399932861328), ('AMD', 7, 196.0399932861328), ('AMD', 7, 196.0399932861328), ('AMD', 7, 196.0399932861328)]"
