trend_balance,breakout_balance,trend_trades,breakout_trades,trend_win_rate,breakout_win_rate,pending_entries
1000.0,1000.0,0,0,0.0,0.0,"[('AMD', 7, 196.0399932861328), ('AMD', 7, 196.0399932861328), ('AMD', 7, 196.0399932861328), ('AMD', 7, 196.0399932861328), ('AMD', 7, 196.0399932861328), ('AMD', 7, 196.0399932861328), ('AMD', 7, 196.0399932861328), ('AMD', 7, 196.0399932861328), ('AMD', 7, 196.0399932861328), ('AMD', 7, 196.0399932861328), ('AMD', 7, 196.0399932861328), ('AMD', 7, 196.0399932861328), ('AMD', 7, 196.0399932861328), ('AMD', 7, 196.0399932861328), ('ZM', 8, 80.38999938964844), ('TWLO', 9, 130.4600067138672), ('SRPT', 7, 22.864999771118164), ('CVX', 8, 201.5399932861328), ('GS', 8, 864.1500244140625), ('TWO', 7, 10.970000267028809), ('EA', 8, 203.9900054931641), ('TXG', 7, 23.0), ('REGN', 8, 767.8499755859375), ('TWO', 8, 11.020000457763672), ('PMT', 8, 11.949999809265137), ('KEY', 8, 21.670000076293945), ('STWD', 8, 18.239999771118164), ('ZION', 10, 62.630001068115234)]"
