trend_balance,breakout_balance,trend_trades,breakout_trades,trend_win_rate,breakout_win_rate,pending_entries
1010.4599999999999,979.5799999999999,4,6,75.0,66.67,"[('AMD', 7, 196.0399932861328), ('AMD', 7, 196.0399932861328), ('AMD', 7, 196.0399932861328), ('AMD', 7, 196.0399932861328), ('AMD', 7, 196.0399932861328), ('AMD', 7, 196.0399932861328), ('AMD', 7, 196.0399932861328), ('AMD', 7, 196.0399932861328), ('AMD', 7, 196.0399932861328), ('AMD', 7, 196.0399932861328), ('AMD', 7, 196.0399932861328), ('AMD', 7, 196.0399932861328), ('AMD', 7, 196.0399932861328), ('AMD', 7, 196.0399932861328), ('HUT', 7, 78.98999786376953), ('PLUG', 7, 3.180000066757202)]"
