trend_balance,breakout_balance,trend_trades,breakout_trades,trend_win_rate,breakout_win_rate,pending_entries
1000.56,975.28,3,4,66.67,50.0,"[('AMD', 7, 196.0399932861328), ('AMD', 7, 196.0399932861328), ('AMD', 7, 196.0399932861328), ('AMD', 7, 196.0399932861328), ('AMD', 7, 196.0399932861328), ('AMD', 7, 196.0399932861328), ('AMD', 7, 196.0399932861328), ('AMD', 7, 196.0399932861328), ('AMD', 7, 196.0399932861328), ('AMD', 7, 196.0399932861328), ('AMD', 7, 196.0399932861328), ('AMD', 7, 196.0399932861328), ('AMD', 7, 196.0399932861328), ('AMD', 7, 196.0399932861328)]"
