trend_balance,breakout_balance,trend_trades,breakout_trades,trend_win_rate,breakout_win_rate,pending_entries
1010.4599999999999,974.1999999999998,4,9,75.0,55.56,"[('AMD', 7, 196.0399932861328), ('AMD', 7, 196.0399932861328), ('AMD', 7, 196.0399932861328), ('AMD', 7, 196.0399932861328), ('AMD', 7, 196.0399932861328), ('AMD', 7, 196.0399932861328), ('AMD', 7, 196.0399932861328), ('AMD', 7, 196.0399932861328), ('AMD', 7, 196.0399932861328), ('AMD', 7, 196.0399932861328), ('AMD', 7, 196.0399932861328), ('AMD', 7, 196.0399932861328), ('AMD', 7, 196.0399932861328), ('AMD', 7, 196.0399932861328), ('HUT', 7, 78.98999786376953), ('PLUG', 7, 3.180000066757202), ('AXSM', 8, 223.6999969482422), ('RIOT', 8, 20.350000381469727)]"
